route_id,service_id,trip_id,trip_headsign,direction_id,block_id,shape_id
507,1,1288551,Gold Line To Sacramento Valley Station,0,22.0,53872
507,1,1288552,Gold Line To Sacramento Valley Station,0,24.0,53872
507,1,1288553,Gold Line To Sacramento Valley Station,0,26.0,53872
507,1,1288554,Gold Line To Sacramento Valley Station,0,21.0,53871
507,1,1288555,Gold Line To Sacramento Valley Station,0,23.0,53871
507,1,1288556,Gold Line To Sacramento Valley Station,0,25.0,53871
507,1,1288557,Gold Line To Sacramento Valley Station,0,27.0,53871
507,1,1288558,Gold Line To Sacramento Valley Station,0,28.0,53871
507,1,1288559,Gold Line To Sacramento Valley Station,0,29.0,53872
507,1,1288560,Gold Line To Sacramento Valley Station,0,22.0,53871
507,1,1288561,Gold Line To Sacramento Valley Station,0,21.0,53871
507,1,1288562,Gold Line To Sacramento Valley Station,0,24.0,53871
507,1,1288563,Gold Line To Sacramento Valley Station,0,23.0,53872
507,1,1288564,Gold Line To Sacramento Valley Station,0,26.0,53871
507,1,1288565,Gold Line To Sacramento Valley Station,0,25.0,53871
507,1,1288566,Gold Line To Sacramento Valley Station,0,27.0,53871
507,1,1288567,Gold Line To Sacramento Valley Station,0,28.0,53872
507,1,1288568,Gold Line To Sacramento Valley Station,0,29.0,53871
507,1,1288569,Gold Line To Sacramento Valley Station,0,22.0,53871
507,1,1288570,Gold Line To Sacramento Valley Station,0,21.0,53871
507,1,1288571,Gold Line To Sacramento Valley Station,0,24.0,53872
507,1,1288572,Gold Line To Sacramento Valley Station,0,23.0,53871
507,1,1288573,Gold Line To Sacramento Valley Station,0,26.0,53871
507,1,1288574,Gold Line To Sacramento Valley Station,0,25.0,53871
507,1,1288575,Gold Line To Sacramento Valley Station,0,27.0,53872
507,1,1288576,Gold Line To Sacramento Valley Station,0,28.0,53871
507,1,1288577,Gold Line To Sacramento Valley Station,0,29.0,53871
507,1,1288578,Gold Line To Sacramento Valley Station,0,22.0,53871
507,1,1288579,Gold Line To Sacramento Valley Station,0,21.0,53872
507,1,1288580,Gold Line To Sacramento Valley Station,0,24.0,53871
507,1,1288581,Gold Line To Sacramento Valley Station,0,23.0,53871
507,1,1288582,Gold Line To Sacramento Valley Station,0,26.0,53871
507,1,1288583,Gold Line To Sacramento Valley Station,0,25.0,53872
507,1,1288584,Gold Line To Sacramento Valley Station,0,27.0,53871
507,1,1288585,Gold Line To Sacramento Valley Station,0,28.0,53871
507,1,1288586,Gold Line To Sacramento Valley Station,0,29.0,53871
507,1,1288587,Gold Line To Sacramento Valley Station,0,22.0,53872
507,1,1288588,Gold Line To Sacramento Valley Station,0,21.0,53871
507,1,1288589,Gold Line To Sacramento Valley Station,0,24.0,53871
507,1,1288590,Gold Line To Sacramento Valley Station,0,23.0,53871
507,1,1288591,Gold Line To Sacramento Valley Station,0,26.0,53872
507,1,1288592,Gold Line To Sacramento Valley Station,0,25.0,53871
507,1,1288593,Gold Line To Sacramento Valley Station,0,27.0,53871
507,1,1288594,Gold Line To Sacramento Valley Station,0,28.0,53871
507,1,1288595,Gold Line To Sacramento Valley Station,0,29.0,53872
507,1,1288596,Gold Line To Sacramento Valley Station,0,22.0,53871
507,1,1288597,Gold Line To Sacramento Valley Station,0,21.0,53871
507,1,1288598,Gold Line To Sacramento Valley Station,0,24.0,53871
507,1,1288599,Gold Line To Sacramento Valley Station,0,23.0,53872
507,1,1288600,Gold Line To Sacramento Valley Station,0,26.0,53871
507,1,1288601,Gold Line To Sacramento Valley Station,0,25.0,53871
507,1,1288602,Gold Line To Sacramento Valley Station,0,27.0,53871
507,1,1288603,Gold Line To Sacramento Valley Station,0,28.0,53872
507,1,1288604,Gold Line To Sacramento Valley Station,0,29.0,53871
507,1,1288605,Gold Line To Downtown Sacramento - 8th & K Only,0,22.0,53873
507,1,1288606,Gold Line To Downtown Sacramento - 8th & K Only,0,24.0,53874
507,1,1288607,Gold Line To Downtown Sacramento - 8th & K Only,0,26.0,53873
507,1,1288608,Gold Line To Downtown Sacramento - 8th & K Only,0,25.0,53873
507,1,1288609,Gold Line To Downtown Sacramento - 8th & K Only,0,28.0,53873
507,1,1288610,Gold Line To Downtown Sacramento - 8th & K Only,0,29.0,53873
507,1,1288611,Gold Line To Downtown Sacramento - 8th & K Only,0,21.0,53873
507,1,1288612,Gold Line To Sacramento Valley Station,0,21.0,53871
507,1,1288613,Gold Line To Sacramento Valley Station,0,23.0,53871
507,1,1288614,Gold Line To Sacramento Valley Station,0,25.0,53871
507,1,1288615,Gold Line To Sacramento Valley Station,0,28.0,53871
507,1,1288616,Gold Line To Sacramento Valley Station,0,29.0,53871
507,1,1288617,Gold Line To Sacramento Valley Station,0,21.0,53871
507,1,1288618,Gold Line To Sacramento Valley Station,0,23.0,53871
507,1,1288619,Gold Line To Historic Folsom,1,21.0,53875
507,1,1288620,Gold Line To Historic Folsom,1,23.0,53875
507,1,1288621,Gold Line To Historic Folsom,1,25.0,53875
507,1,1288622,Gold Line To Historic Folsom,1,28.0,53875
507,1,1288623,Gold Line To Historic Folsom,1,22.0,53875
507,1,1288624,Gold Line To Historic Folsom,1,24.0,53875
507,1,1288625,Gold Line To Historic Folsom,1,26.0,53875
507,1,1288626,Gold Line To Historic Folsom,1,27.0,53875
507,1,1288627,Gold Line To Historic Folsom,1,29.0,53875
507,1,1288628,Gold Line To Historic Folsom,1,21.0,53875
507,1,1288629,Gold Line To Historic Folsom,1,23.0,53875
507,1,1288630,Gold Line To Historic Folsom,1,25.0,53875
507,1,1288631,Gold Line To Historic Folsom,1,28.0,53875
507,1,1288632,Gold Line To Historic Folsom,1,22.0,53875
507,1,1288633,Gold Line To Historic Folsom,1,24.0,53875
507,1,1288634,Gold Line To Historic Folsom,1,26.0,53875
507,1,1288635,Gold Line To Historic Folsom,1,27.0,53875
507,1,1288636,Gold Line To Historic Folsom,1,29.0,53875
507,1,1288637,Gold Line To Historic Folsom,1,21.0,53875
507,1,1288638,Gold Line To Historic Folsom,1,23.0,53875
507,1,1288639,Gold Line To Historic Folsom,1,25.0,53875
507,1,1288640,Gold Line To Historic Folsom,1,28.0,53875
507,1,1288641,Gold Line To Historic Folsom,1,22.0,53875
507,1,1288642,Gold Line To Historic Folsom,1,21.0,53875
507,1,1288643,Gold Line To Historic Folsom,1,24.0,53875
507,1,1288644,Gold Line To Sunrise,1,23.0,53876
507,1,1288645,Gold Line To Historic Folsom,1,26.0,53875
507,1,1288646,Gold Line To Historic Folsom,1,25.0,53875
507,1,1288647,Gold Line To Historic Folsom,1,27.0,53875
507,1,1288648,Gold Line To Sunrise,1,28.0,53876
507,1,1288649,Gold Line To Historic Folsom,1,29.0,53875
507,1,1288650,Gold Line To Historic Folsom,1,22.0,53875
507,1,1288651,Gold Line To Historic Folsom,1,21.0,53875
507,1,1288652,Gold Line To Sunrise,1,24.0,53876
507,1,1288653,Gold Line To Historic Folsom,1,23.0,53875
507,1,1288654,Gold Line To Historic Folsom,1,26.0,53875
507,1,1288655,Gold Line To Historic Folsom,1,25.0,53875
507,1,1288656,Gold Line To Historic Folsom,1,28.0,53875
507,1,1288657,Gold Line To Historic Folsom,1,29.0,53875
507,1,1288658,Gold Line To Historic Folsom,1,21.0,53875
507,1,1288659,Gold Line To Historic Folsom,1,23.0,53875
507,1,1288660,Gold Line To Historic Folsom,1,25.0,53875
507,1,1288661,Gold Line To Historic Folsom,1,28.0,53875
507,1,1288662,Gold Line To Historic Folsom,1,29.0,53875
507,1,1288663,Gold Line To Historic Folsom,1,21.0,53875
507,1,1288664,Gold Line To Sunrise,1,23.0,53876
507,1,1288665,Gold Line To Sunrise,1,22.0,53876
507,1,1288666,Gold Line To Sunrise,1,24.0,53876
507,1,1288667,Gold Line To Historic Folsom,1,27.0,53875
507,1,1288668,Gold Line To Sunrise,1,29.0,53876
507,1,1288669,Gold Line To Historic Folsom,1,21.0,53875
507,1,1288670,Gold Line To Sunrise,1,23.0,53876
507,1,1288671,Gold Line To Historic Folsom,1,25.0,53875
507,1,1288672,Gold Line To Sunrise,1,28.0,53876
507,1,1288673,Gold Line To Historic Folsom,1,22.0,53875
507,1,1288674,Gold Line To Sunrise,1,24.0,53876
507,1,1288675,Gold Line To Historic Folsom,1,26.0,53875
507,1,1288676,Gold Line To Sunrise,1,27.0,53876
507,1,1288677,Gold Line To Historic Folsom,1,29.0,53875
507,1,1288678,Gold Line To Sunrise,1,21.0,53876
507,1,1288679,Gold Line To Historic Folsom,1,23.0,53875
507,1,1288680,Gold Line To Sunrise,1,25.0,53876
507,1,1288681,Gold Line To Historic Folsom,1,28.0,53875
507,1,1288682,Gold Line To Sunrise,1,22.0,53876
507,1,1288683,Gold Line To Historic Folsom,1,24.0,53875
507,1,1288684,Gold Line To Sunrise,1,26.0,53876
507,1,1288685,Gold Line To Historic Folsom,1,27.0,53875
507,1,1288686,Gold Line To Sunrise,1,29.0,53876
507,1,1288687,Gold Line To Sunrise,1,27.0,53876
533,1,1289431,BLUE LINE TO CRC,0,7.0,53886
533,1,1289432,BLUE LINE TO CRC,0,9.0,53886
533,1,1289433,BLUE LINE TO CRC,0,1.0,53886
533,1,1289434,BLUE LINE TO CRC,0,1.0,53886
533,1,1289435,BLUE LINE TO CRC,0,3.0,53886
533,1,1289436,BLUE LINE TO CRC,0,5.0,53886
533,1,1289437,BLUE LINE TO CRC,0,2.0,53886
533,1,1289438,BLUE LINE TO CRC,0,4.0,53886
533,1,1289439,BLUE LINE TO CRC,0,6.0,53886
533,1,1289440,BLUE LINE TO CRC,0,1.0,53887
533,1,1289441,BLUE LINE TO CRC,0,9.0,53886
533,1,1289442,BLUE LINE TO CRC,0,7.0,53886
533,1,1289443,BLUE LINE TO CRC,0,4.0,53887
533,1,1289444,BLUE LINE TO CRC,0,5.0,53887
533,1,1289445,BLUE LINE TO CRC,0,2.0,53887
533,1,1289446,BLUE LINE TO CRC,0,5.0,53886
533,1,1289447,BLUE LINE TO CRC,0,3.0,53886
533,1,1289448,BLUE LINE TO CRC,0,1.0,53886
533,1,1289449,BLUE LINE TO CRC,0,9.0,53886
533,1,1289450,BLUE LINE TO CRC,0,7.0,53886
533,1,1289451,BLUE LINE TO CRC,0,8.0,53886
533,1,1289452,BLUE LINE TO CRC,0,2.0,53886
533,1,1289453,BLUE LINE TO CRC,0,4.0,53886
533,1,1289454,BLUE LINE TO CRC,0,10.0,53886
533,1,1289455,BLUE LINE TO CRC,0,8.0,53886
533,1,1289456,BLUE LINE TO CRC,0,6.0,53886
533,1,1289457,BLUE LINE TO CRC,0,3.0,53887
533,1,1289458,BLUE LINE TO CRC,0,10.0,53886
533,1,1289459,BLUE LINE TO CRC,0,6.0,53886
533,1,1289460,BLUE LINE TO CRC,0,4.0,53886
533,1,1289461,BLUE LINE TO CRC,0,2.0,53886
533,1,1289462,BLUE LINE TO CRC,0,4.0,53886
533,1,1289463,BLUE LINE TO CRC,0,2.0,53886
533,1,1289464,BLUE LINE TO CRC,0,10.0,53886
533,1,1289465,BLUE LINE TO CRC,0,2.0,53886
533,1,1289466,BLUE LINE TO CRC,0,10.0,53886
533,1,1289467,BLUE LINE TO CRC,0,8.0,53886
533,1,1289468,BLUE LINE TO CRC,0,6.0,53886
533,1,1289469,BLUE LINE TO CRC,0,4.0,53886
533,1,1289470,BLUE LINE TO CRC,0,6.0,53886
533,1,1289471,BLUE LINE TO CRC,0,6.0,53886
533,1,1289472,BLUE LINE TO CRC,0,8.0,53886
533,1,1289473,BLUE LINE TO CRC,0,8.0,53886
533,1,1289474,BLUE LINE TO CRC,0,10.0,53886
533,1,1289475,BLUE LINE TO CRC,0,6.0,53886
533,1,1289476,BLUE LINE TO CRC,0,5.0,53886
533,1,1289477,BLUE LINE TO CRC,0,3.0,53886
533,1,1289478,BLUE LINE TO CRC,0,1.0,53886
533,1,1289479,BLUE LINE TO CRC,0,9.0,53886
533,1,1289480,BLUE LINE TO CRC,0,6.0,53886
533,1,1289481,BLUE LINE TO CRC,0,5.0,53886
533,1,1289482,BLUE LINE TO CRC,0,3.0,53886
533,1,1289483,BLUE LINE TO CRC,0,1.0,53886
533,1,1289484,BLUE LINE TO CRC,0,9.0,53886
533,1,1289485,BLUE LINE TO CRC,0,7.0,53886
533,1,1289486,BLUE LINE TO CRC,0,5.0,53886
533,1,1289487,BLUE LINE TO CRC,0,3.0,53886
533,1,1289488,BLUE LINE TO CRC,0,1.0,53886
533,1,1289489,BLUE LINE TO CRC,0,9.0,53886
533,1,1289490,BLUE LINE TO CRC,0,7.0,53886
533,1,1289491,BLUE LINE TO CRC,0,5.0,53886
533,1,1289492,BLUE LINE TO CRC,0,3.0,53886
533,1,1289493,BLUE LINE TO CRC,0,1.0,53886
533,1,1289494,BLUE LINE TO CRC,0,9.0,53886
533,1,1289495,BLUE LINE TO CRC,0,7.0,53886
533,1,1289496,BLUE LINE TO CRC,0,5.0,53886
533,1,1289497,BLUE LINE TO CRC,0,3.0,53886
533,1,1289498,BLUE LINE TO WATT I-80,1,7.0,53888
533,1,1289499,BLUE LINE TO WATT I-80,1,6.0,53888
533,1,1289500,BLUE LINE TO WATT I-80,1,5.0,53888
533,1,1289501,BLUE LINE TO WATT I-80,1,3.0,53888
533,1,1289502,BLUE LINE TO WATT I-80,1,1.0,53888
533,1,1289503,BLUE LINE TO WATT I-80,1,9.0,53888
533,1,1289504,BLUE LINE TO WATT I-80,1,6.0,53888
533,1,1289505,BLUE LINE TO WATT I-80,1,4.0,53888
533,1,1289506,BLUE LINE TO WATT I-80,1,2.0,53888
533,1,1289507,BLUE LINE TO WATT I-80,1,10.0,53888
533,1,1289508,BLUE LINE TO WATT I-80,1,8.0,53888
533,1,1289509,BLUE LINE TO WATT I-80,1,6.0,53888
533,1,1289510,BLUE LINE TO WATT I-80,1,4.0,53888
533,1,1289511,BLUE LINE TO WATT I-80,1,2.0,53888
533,1,1289512,BLUE LINE TO WATT I-80,1,10.0,53888
533,1,1289513,BLUE LINE TO WATT I-80,1,8.0,53888
533,1,1289514,BLUE LINE TO WATT I-80,1,6.0,53888
533,1,1289515,BLUE LINE TO WATT I-80,1,4.0,53888
533,1,1289516,BLUE LINE TO WATT I-80,1,2.0,53888
533,1,1289517,BLUE LINE TO WATT I-80,1,10.0,53888
533,1,1289518,BLUE LINE TO WATT I-80,1,8.0,53888
533,1,1289519,BLUE LINE TO WATT I-80,1,6.0,53888
533,1,1289520,BLUE LINE TO WATT I-80,1,4.0,53888
533,1,1289521,BLUE LINE TO WATT I-80,1,2.0,53888
533,1,1289522,BLUE LINE TO WATT I-80,1,10.0,53888
533,1,1289523,BLUE LINE TO WATT I-80,1,8.0,53888
533,1,1289524,BLUE LINE TO WATT I-80,1,6.0,53888
533,1,1289525,BLUE LINE TO WATT I-80,1,4.0,53888
533,1,1289526,BLUE LINE TO WATT I-80,1,2.0,53888
533,1,1289527,BLUE LINE TO WATT I-80,1,10.0,53888
533,1,1289528,BLUE LINE TO WATT I-80,1,8.0,53888
533,1,1289529,BLUE LINE TO WATT I-80,1,6.0,53888
533,1,1289530,BLUE LINE TO WATT I-80,1,4.0,53888
533,1,1289531,BLUE LINE TO WATT I-80,1,2.0,53888
533,1,1289532,BLUE LINE TO WATT I-80,1,10.0,53888
533,1,1289533,BLUE LINE TO WATT I-80,1,6.0,53888
533,1,1289534,BLUE LINE TO WATT I-80,1,5.0,53888
533,1,1289535,BLUE LINE TO WATT I-80,1,3.0,53888
533,1,1289536,BLUE LINE TO WATT I-80,1,1.0,53888
533,1,1289537,BLUE LINE TO WATT I-80,1,9.0,53888
533,1,1289538,BLUE LINE TO WATT I-80,1,7.0,53888
533,1,1289539,BLUE LINE TO WATT I-80,1,3.0,53888
533,1,1289540,BLUE LINE TO WATT I-80,1,1.0,53888
533,1,1289541,BLUE LINE TO WATT I-80,1,9.0,53888
533,1,1289542,BLUE LINE TO WATT I-80,1,3.0,53888
533,1,1289543,BLUE LINE TO WATT I-80,1,1.0,53888
533,1,1289544,BLUE LINE TO WATT I-80,1,9.0,53888
533,1,1289545,BLUE LINE TO WATT I-80,1,5.0,53888
533,1,1289546,BLUE LINE TO WATT I-80,1,7.0,53888
533,1,1289547,BLUE LINE TO WATT I-80,1,5.0,53888
533,1,1289548,BLUE LINE TO WATT I-80,1,9.0,53888
533,1,1289549,BLUE LINE TO WATT I-80,1,1.0,53888
533,1,1289550,BLUE LINE TO WATT I-80,1,9.0,53888
533,1,1289551,BLUE LINE TO WATT I-80,1,7.0,53888
533,1,1289552,BLUE LINE TO WATT I-80,1,5.0,53888
533,1,1289553,BLUE LINE TO WATT I-80,1,5.0,53888
533,1,1289554,BLUE LINE TO WATT I-80,1,3.0,53888
533,1,1289555,BLUE LINE TO WATT I-80,1,1.0,53888
533,1,1289556,BLUE LINE TO WATT I-80,1,3.0,53888
533,1,1289557,BLUE LINE TO WATT I-80,1,7.0,53888
533,1,1289558,BLUE LINE TO WATT I-80,1,5.0,53888
533,1,1289559,BLUE LINE TO WATT I-80,1,3.0,53888
533,1,1289560,BLUE LINE TO WATT I-80,1,7.0,53888
533,1,1289561,BLUE LINE TO WATT I-80,1,5.0,53888
533,1,1289562,BLUE LINE TO WATT I-80,1,3.0,53888
533,1,1289563,BLUE LINE TO WATT I-80,1,1.0,53888
533,1,1289564,BLUE LINE TO WATT I-80,1,9.0,53888
533,1,1289565,BLUE LINE TO WATT I-80,1,1.0,53888
507,6,1288688,Gold Line To Sacramento Valley Station,0,23.0,53872
507,6,1288689,Gold Line To Sacramento Valley Station,0,25.0,53872
507,6,1288690,Gold Line To Sacramento Valley Station,0,27.0,53872
507,6,1288691,Gold Line To Sacramento Valley Station,0,23.0,53872
507,6,1288692,Gold Line To Sacramento Valley Station,0,25.0,53872
507,6,1288693,Gold Line To Sacramento Valley Station,0,27.0,53872
507,6,1288694,Gold Line To Sacramento Valley Station,0,29.0,53872
507,6,1288695,Gold Line To Sacramento Valley Station,0,21.0,53872
507,6,1288696,Gold Line To Sacramento Valley Station,0,22.0,53872
507,6,1288697,Gold Line To Sacramento Valley Station,0,24.0,53872
507,6,1288698,Gold Line To Sacramento Valley Station,0,26.0,53872
507,6,1288699,Gold Line To Sacramento Valley Station,0,23.0,53872
507,6,1288700,Gold Line To Sacramento Valley Station,0,25.0,53872
507,6,1288701,Gold Line To Sacramento Valley Station,0,27.0,53872
507,6,1288702,Gold Line To Sacramento Valley Station,0,29.0,53872
507,6,1288703,Gold Line To Sacramento Valley Station,0,21.0,53872
507,6,1288704,Gold Line To Sacramento Valley Station,0,22.0,53872
507,6,1288705,Gold Line To Sacramento Valley Station,0,24.0,53872
507,6,1288706,Gold Line To Sacramento Valley Station,0,26.0,53872
507,6,1288707,Gold Line To Sacramento Valley Station,0,23.0,53872
507,6,1288708,Gold Line To Sacramento Valley Station,0,25.0,53872
507,6,1288709,Gold Line To Downtown Sacramento - 8th & K Only,0,21.0,53874
507,6,1288710,Gold Line To Downtown Sacramento - 8th & K Only,0,26.0,53873
507,6,1288711,Gold Line To Downtown Sacramento - 8th & K Only,0,23.0,53873
507,6,1288712,Gold Line To Downtown Sacramento - 8th & K Only,0,25.0,53873
507,6,1288713,Gold Line To Downtown Sacramento - 8th & K Only,0,22.0,53873
507,6,1288714,Gold Line To Sacramento Valley Station,0,29.0,53872
507,6,1288715,Gold Line To Sacramento Valley Station,0,21.0,53871
507,6,1288716,Gold Line To Sacramento Valley Station,0,23.0,53871
507,6,1288717,Gold Line To Sacramento Valley Station,0,25.0,53871
507,6,1288718,Gold Line To Sacramento Valley Station,0,27.0,53871
507,6,1288719,Gold Line To Sacramento Valley Station,0,29.0,53871
507,6,1288720,Gold Line To Sacramento Valley Station,0,21.0,53871
507,6,1288721,Gold Line To Sacramento Valley Station,0,22.0,53871
507,6,1288722,Gold Line To Sacramento Valley Station,0,24.0,53871
507,6,1288723,Gold Line To Sacramento Valley Station,0,26.0,53871
507,6,1288724,Gold Line To Sacramento Valley Station,0,23.0,53871
507,6,1288725,Gold Line To Sacramento Valley Station,0,25.0,53871
507,6,1288726,Gold Line To Sacramento Valley Station,0,27.0,53871
507,6,1288727,Gold Line To Sacramento Valley Station,0,29.0,53871
507,6,1288728,Gold Line To Sacramento Valley Station,0,21.0,53871
507,6,1288729,Gold Line To Sacramento Valley Station,0,22.0,53871
507,6,1288730,Gold Line To Sacramento Valley Station,0,24.0,53871
507,6,1288731,Gold Line To Sacramento Valley Station,0,26.0,53871
507,6,1288732,Gold Line To Sacramento Valley Station,0,23.0,53871
507,6,1288733,Gold Line To Sacramento Valley Station,0,25.0,53871
507,6,1288734,Gold Line To Sacramento Valley Station,0,27.0,53871
507,6,1288735,Gold Line To Sacramento Valley Station,0,29.0,53871
507,6,1288736,Gold Line To Sacramento Valley Station,0,21.0,53871
507,6,1288737,Gold Line To Sacramento Valley Station,0,22.0,53871
507,6,1288738,Gold Line To Sacramento Valley Station,0,24.0,53871
507,6,1288739,Gold Line To Sacramento Valley Station,0,26.0,53871
507,6,1288740,Gold Line To Sacramento Valley Station,0,23.0,53871
507,6,1288741,Gold Line To Sacramento Valley Station,0,25.0,53871
507,6,1288742,Gold Line To Sacramento Valley Station,0,22.0,53871
507,6,1288743,Gold Line To Sacramento Valley Station,0,24.0,53871
507,6,1288744,Gold Line To Downtown Sacramento - 8th & K Only,0,27.0,53874
507,6,1288745,Gold Line To Downtown Sacramento - 8th & K Only,0,29.0,53874
507,6,1288746,Gold Line To Sunrise,1,23.0,53876
507,6,1288747,Gold Line To Sunrise,1,25.0,53876
507,6,1288748,Gold Line To Sunrise,1,23.0,53876
507,6,1288749,Gold Line To Sunrise,1,25.0,53876
507,6,1288750,Gold Line To Sunrise,1,27.0,53876
507,6,1288751,Gold Line To Sunrise,1,29.0,53876
507,6,1288752,Gold Line To Sunrise,1,21.0,53876
507,6,1288753,Gold Line To Sunrise,1,22.0,53876
507,6,1288754,Gold Line To Sunrise,1,24.0,53876
507,6,1288755,Gold Line To Sunrise,1,26.0,53876
507,6,1288756,Gold Line To Sunrise,1,23.0,53876
507,6,1288757,Gold Line To Sunrise,1,25.0,53876
507,6,1288758,Gold Line To Sunrise,1,27.0,53876
507,6,1288759,Gold Line To Sunrise,1,29.0,53876
507,6,1288760,Gold Line To Sunrise,1,21.0,53876
507,6,1288761,Gold Line To Sunrise,1,22.0,53876
507,6,1288762,Gold Line To Sunrise,1,24.0,53876
507,6,1288763,Gold Line To Sunrise,1,26.0,53876
507,6,1288764,Gold Line To Sunrise,1,23.0,53876
507,6,1288765,Gold Line To Sunrise,1,25.0,53876
507,6,1288766,Gold Line To Sunrise,1,27.0,53876
507,6,1288767,Gold Line To Sunrise,1,29.0,53876
507,6,1288768,Gold Line To Sunrise,1,21.0,53876
507,6,1288769,Gold Line To Sunrise,1,24.0,53876
507,6,1288770,Gold Line To Sunrise,1,27.0,53876
507,6,1288771,Gold Line To Historic Folsom,1,21.0,53875
507,6,1288772,Gold Line To Historic Folsom,1,23.0,53875
507,6,1288773,Gold Line To Historic Folsom,1,25.0,53875
507,6,1288774,Gold Line To Historic Folsom,1,27.0,53875
507,6,1288775,Gold Line To Historic Folsom,1,29.0,53875
507,6,1288776,Gold Line To Historic Folsom,1,21.0,53875
507,6,1288777,Gold Line To Historic Folsom,1,22.0,53875
507,6,1288778,Gold Line To Historic Folsom,1,24.0,53875
507,6,1288779,Gold Line To Historic Folsom,1,26.0,53875
507,6,1288780,Gold Line To Historic Folsom,1,23.0,53875
507,6,1288781,Gold Line To Historic Folsom,1,25.0,53875
507,6,1288782,Gold Line To Historic Folsom,1,27.0,53875
507,6,1288783,Gold Line To Historic Folsom,1,29.0,53875
507,6,1288784,Gold Line To Historic Folsom,1,21.0,53875
507,6,1288785,Gold Line To Historic Folsom,1,22.0,53875
507,6,1288786,Gold Line To Historic Folsom,1,24.0,53875
507,6,1288787,Gold Line To Historic Folsom,1,26.0,53875
507,6,1288788,Gold Line To Historic Folsom,1,23.0,53875
507,6,1288789,Gold Line To Historic Folsom,1,25.0,53875
507,6,1288790,Gold Line To Historic Folsom,1,27.0,53875
507,6,1288791,Gold Line To Historic Folsom,1,29.0,53875
507,6,1288792,Gold Line To Historic Folsom,1,21.0,53875
507,6,1288793,Gold Line To Historic Folsom,1,22.0,53875
507,6,1288794,Gold Line To Historic Folsom,1,24.0,53875
507,6,1288795,Gold Line To Historic Folsom,1,26.0,53875
507,6,1288796,Gold Line To Historic Folsom,1,23.0,53875
507,6,1288797,Gold Line To Historic Folsom,1,25.0,53875
507,6,1288798,Gold Line To Historic Folsom,1,22.0,53875
507,6,1288799,Gold Line To Historic Folsom,1,24.0,53875
507,6,1288800,Gold Line To Historic Folsom,1,26.0,53875
507,6,1288801,Gold Line To Historic Folsom,1,23.0,53875
507,6,1288802,Gold Line To Historic Folsom,1,25.0,53875
507,6,1288803,Gold Line To Historic Folsom,1,22.0,53875
533,6,1289566,BLUE LINE TO CRC,0,8.0,53886
533,6,1289567,BLUE LINE TO CRC,0,7.0,53886
533,6,1289568,BLUE LINE TO CRC,0,6.0,53886
533,6,1289569,BLUE LINE TO CRC,0,10.0,53886
533,6,1289570,BLUE LINE TO CRC,0,10.0,53886
533,6,1289571,BLUE LINE TO CRC,0,4.0,53886
533,6,1289572,BLUE LINE TO CRC,0,3.0,53886
533,6,1289573,BLUE LINE TO CRC,0,2.0,53886
533,6,1289574,BLUE LINE TO CRC,0,1.0,53886
533,6,1289575,BLUE LINE TO CRC,0,5.0,53886
533,6,1289576,BLUE LINE TO CRC,0,4.0,53886
533,6,1289577,BLUE LINE TO CRC,0,3.0,53886
533,6,1289578,BLUE LINE TO CRC,0,2.0,53886
533,6,1289579,BLUE LINE TO CRC,0,1.0,53886
533,6,1289580,BLUE LINE TO CRC,0,5.0,53886
533,6,1289581,BLUE LINE TO CRC,0,4.0,53886
533,6,1289582,BLUE LINE TO CRC,0,3.0,53886
533,6,1289583,BLUE LINE TO CRC,0,9.0,53886
533,6,1289584,BLUE LINE TO CRC,0,8.0,53886
533,6,1289585,BLUE LINE TO CRC,0,7.0,53886
533,6,1289586,BLUE LINE TO CRC,0,6.0,53886
533,6,1289587,BLUE LINE TO CRC,0,10.0,53886
533,6,1289588,BLUE LINE TO CRC,0,4.0,53886
533,6,1289589,BLUE LINE TO CRC,0,3.0,53886
533,6,1289590,BLUE LINE TO CRC,0,2.0,53886
533,6,1289591,BLUE LINE TO CRC,0,1.0,53886
533,6,1289592,BLUE LINE TO CRC,0,10.0,53886
533,6,1289593,BLUE LINE TO CRC,0,4.0,53886
533,6,1289594,BLUE LINE TO CRC,0,3.0,53886
533,6,1289595,BLUE LINE TO CRC,0,2.0,53886
533,6,1289596,BLUE LINE TO CRC,0,1.0,53886
533,6,1289597,BLUE LINE TO CRC,0,10.0,53886
533,6,1289598,BLUE LINE TO CRC,0,4.0,53886
533,6,1289599,BLUE LINE TO CRC,0,3.0,53886
533,6,1289600,BLUE LINE TO CRC,0,2.0,53886
533,6,1289601,BLUE LINE TO CRC,0,1.0,53886
533,6,1289602,BLUE LINE TO CRC,0,2.0,53887
533,6,1289603,BLUE LINE TO CRC,0,1.0,53887
533,6,1289604,BLUE LINE TO CRC,0,6.0,53886
533,6,1289605,BLUE LINE TO CRC,0,7.0,53886
533,6,1289606,BLUE LINE TO CRC,0,8.0,53886
533,6,1289607,BLUE LINE TO CRC,0,9.0,53886
533,6,1289608,BLUE LINE TO CRC,0,5.0,53886
533,6,1289609,BLUE LINE TO CRC,0,6.0,53886
533,6,1289610,BLUE LINE TO CRC,0,7.0,53886
533,6,1289611,BLUE LINE TO CRC,0,8.0,53886
533,6,1289612,BLUE LINE TO CRC,0,9.0,53886
533,6,1289613,BLUE LINE TO CRC,0,5.0,53886
533,6,1289614,BLUE LINE TO CRC,0,6.0,53886
533,6,1289615,BLUE LINE TO CRC,0,7.0,53886
533,6,1289616,BLUE LINE TO CRC,0,8.0,53886
533,6,1289617,BLUE LINE TO CRC,0,9.0,53886
533,6,1289618,BLUE LINE TO CRC,0,5.0,53886
533,6,1289619,BLUE LINE TO CRC,0,6.0,53886
533,6,1289620,BLUE LINE TO CRC,0,7.0,53886
533,6,1289621,BLUE LINE TO CRC,0,8.0,53886
533,6,1289622,BLUE LINE TO CRC,0,5.0,53886
533,6,1289623,BLUE LINE TO CRC,0,9.0,53886
533,6,1289624,BLUE LINE TO WATT I-80,1,8.0,53888
533,6,1289625,BLUE LINE TO WATT I-80,1,7.0,53888
533,6,1289626,BLUE LINE TO WATT I-80,1,6.0,53888
533,6,1289627,BLUE LINE TO WATT I-80,1,10.0,53888
533,6,1289628,BLUE LINE TO WATT I-80,1,5.0,53888
533,6,1289629,BLUE LINE TO WATT I-80,1,4.0,53888
533,6,1289630,BLUE LINE TO WATT I-80,1,3.0,53888
533,6,1289631,BLUE LINE TO WATT I-80,1,2.0,53888
533,6,1289632,BLUE LINE TO WATT I-80,1,1.0,53888
533,6,1289633,BLUE LINE TO WATT I-80,1,5.0,53888
533,6,1289634,BLUE LINE TO WATT I-80,1,4.0,53888
533,6,1289635,BLUE LINE TO WATT I-80,1,3.0,53888
533,6,1289636,BLUE LINE TO WATT I-80,1,2.0,53888
533,6,1289637,BLUE LINE TO WATT I-80,1,1.0,53888
533,6,1289638,BLUE LINE TO WATT I-80,1,9.0,53888
533,6,1289639,BLUE LINE TO WATT I-80,1,8.0,53888
533,6,1289640,BLUE LINE TO WATT I-80,1,7.0,53888
533,6,1289641,BLUE LINE TO WATT I-80,1,6.0,53888
533,6,1289642,BLUE LINE TO WATT I-80,1,8.0,53888
533,6,1289643,BLUE LINE TO WATT I-80,1,7.0,53888
533,6,1289644,BLUE LINE TO WATT I-80,1,6.0,53888
533,6,1289645,BLUE LINE TO WATT I-80,1,5.0,53888
533,6,1289646,BLUE LINE TO WATT I-80,1,9.0,53888
533,6,1289647,BLUE LINE TO WATT I-80,1,8.0,53888
533,6,1289648,BLUE LINE TO WATT I-80,1,7.0,53888
533,6,1289649,BLUE LINE TO WATT I-80,1,6.0,53888
533,6,1289650,BLUE LINE TO WATT I-80,1,5.0,53888
533,6,1289651,BLUE LINE TO WATT I-80,1,9.0,53888
533,6,1289652,BLUE LINE TO WATT I-80,1,8.0,53888
533,6,1289653,BLUE LINE TO WATT I-80,1,7.0,53888
533,6,1289654,BLUE LINE TO WATT I-80,1,6.0,53888
533,6,1289655,BLUE LINE TO WATT I-80,1,5.0,53888
533,6,1289656,BLUE LINE TO WATT I-80,1,9.0,53888
533,6,1289657,BLUE LINE TO WATT I-80,1,8.0,53888
533,6,1289658,BLUE LINE TO WATT I-80,1,7.0,53888
533,6,1289659,BLUE LINE TO WATT I-80,1,6.0,53888
533,6,1289660,BLUE LINE TO WATT I-80,1,10.0,53888
533,6,1289661,BLUE LINE TO WATT I-80,1,9.0,53888
533,6,1289662,BLUE LINE TO WATT I-80,1,10.0,53888
533,6,1289663,BLUE LINE TO WATT I-80,1,1.0,53888
533,6,1289664,BLUE LINE TO WATT I-80,1,2.0,53888
533,6,1289665,BLUE LINE TO WATT I-80,1,3.0,53888
533,6,1289666,BLUE LINE TO WATT I-80,1,4.0,53888
533,6,1289667,BLUE LINE TO WATT I-80,1,10.0,53888
533,6,1289668,BLUE LINE TO WATT I-80,1,1.0,53888
533,6,1289669,BLUE LINE TO WATT I-80,1,2.0,53888
533,6,1289670,BLUE LINE TO WATT I-80,1,3.0,53888
533,6,1289671,BLUE LINE TO WATT I-80,1,4.0,53888
533,6,1289672,BLUE LINE TO WATT I-80,1,10.0,53888
533,6,1289673,BLUE LINE TO WATT I-80,1,1.0,53888
533,6,1289674,BLUE LINE TO WATT I-80,1,2.0,53888
533,6,1289675,BLUE LINE TO WATT I-80,1,3.0,53888
533,6,1289676,BLUE LINE TO WATT I-80,1,4.0,53888
533,6,1289677,BLUE LINE TO WATT I-80,1,10.0,53888
533,6,1289678,BLUE LINE TO WATT I-80,1,1.0,53888
533,6,1289679,BLUE LINE TO WATT I-80,1,2.0,53888
533,6,1289680,BLUE LINE TO WATT I-80,1,3.0,53888
533,6,1289681,BLUE LINE TO WATT I-80,1,4.0,53888
507,7,1288804,Gold Line To Sacramento Valley Station,0,23.0,53872
507,7,1288805,Gold Line To Sacramento Valley Station,0,25.0,53872
507,7,1288806,Gold Line To Sacramento Valley Station,0,27.0,53872
507,7,1288807,Gold Line To Sacramento Valley Station,0,21.0,53872
507,7,1288808,Gold Line To Sacramento Valley Station,0,28.0,53872
507,7,1288809,Gold Line To Sacramento Valley Station,0,23.0,53872
507,7,1288810,Gold Line To Sacramento Valley Station,0,25.0,53872
507,7,1288811,Gold Line To Sacramento Valley Station,0,27.0,53872
507,7,1288812,Gold Line To Sacramento Valley Station,0,22.0,53872
507,7,1288813,Gold Line To Sacramento Valley Station,0,24.0,53872
507,7,1288814,Gold Line To Sacramento Valley Station,0,26.0,53872
507,7,1288815,Gold Line To Sacramento Valley Station,0,21.0,53872
507,7,1288816,Gold Line To Sacramento Valley Station,0,28.0,53872
507,7,1288817,Gold Line To Sacramento Valley Station,0,23.0,53872
507,7,1288818,Gold Line To Sacramento Valley Station,0,21.0,53872
507,7,1288819,Gold Line To Sacramento Valley Station,0,23.0,53872
507,7,1288820,Gold Line To Sacramento Valley Station,0,25.0,53872
507,7,1288821,Gold Line To Sacramento Valley Station,0,27.0,53872
507,7,1288822,Gold Line To Sacramento Valley Station,0,21.0,53872
507,7,1288823,Gold Line To Sacramento Valley Station,0,28.0,53872
507,7,1288824,Gold Line To Sacramento Valley Station,0,23.0,53871
507,7,1288825,Gold Line To Sacramento Valley Station,0,25.0,53871
507,7,1288826,Gold Line To Sacramento Valley Station,0,27.0,53871
507,7,1288827,Gold Line To Sacramento Valley Station,0,22.0,53871
507,7,1288828,Gold Line To Sacramento Valley Station,0,24.0,53871
507,7,1288829,Gold Line To Sacramento Valley Station,0,26.0,53871
507,7,1288830,Gold Line To Sacramento Valley Station,0,21.0,53871
507,7,1288831,Gold Line To Sacramento Valley Station,0,28.0,53871
507,7,1288832,Gold Line To Sacramento Valley Station,0,23.0,53871
507,7,1288833,Gold Line To Sacramento Valley Station,0,25.0,53871
507,7,1288834,Gold Line To Sacramento Valley Station,0,27.0,53871
507,7,1288835,Gold Line To Sacramento Valley Station,0,22.0,53871
507,7,1288836,Gold Line To Sacramento Valley Station,0,24.0,53871
507,7,1288837,Gold Line To Sacramento Valley Station,0,26.0,53871
507,7,1288838,Gold Line To Sacramento Valley Station,0,21.0,53871
507,7,1288839,Gold Line To Sacramento Valley Station,0,28.0,53871
507,7,1288840,Gold Line To Sacramento Valley Station,0,23.0,53871
507,7,1288841,Gold Line To Sacramento Valley Station,0,24.0,53871
507,7,1288842,Gold Line To Sacramento Valley Station,0,26.0,53871
507,7,1288843,Gold Line To Sacramento Valley Station,0,21.0,53871
507,7,1288844,Gold Line To Downtown Sacramento - 8th & K Only,0,28.0,53873
507,7,1288845,Gold Line To Downtown Sacramento - 8th & K Only,0,23.0,53873
507,7,1288846,Gold Line To Downtown Sacramento - 8th & K Only,0,25.0,53874
507,7,1288847,Gold Line To Downtown Sacramento - 8th & K Only,0,27.0,53874
507,7,1288848,Gold Line To Downtown Sacramento - 8th & K Only,0,22.0,53874
507,7,1288849,Gold Line To Downtown Sacramento - 8th & K Only,0,24.0,53873
507,7,1288850,Gold Line To Downtown Sacramento - 8th & K Only,0,26.0,53873
507,7,1288851,Gold Line To Sunrise,1,23.0,53876
507,7,1288852,Gold Line To Sunrise,1,25.0,53876
507,7,1288853,Gold Line To Sunrise,1,21.0,53876
507,7,1288854,Gold Line To Sunrise,1,28.0,53876
507,7,1288855,Gold Line To Sunrise,1,23.0,53876
507,7,1288856,Gold Line To Sunrise,1,25.0,53876
507,7,1288857,Gold Line To Sunrise,1,27.0,53876
507,7,1288858,Gold Line To Sunrise,1,22.0,53876
507,7,1288859,Gold Line To Sunrise,1,24.0,53876
507,7,1288860,Gold Line To Sunrise,1,26.0,53876
507,7,1288861,Gold Line To Sunrise,1,21.0,53876
507,7,1288862,Gold Line To Sunrise,1,28.0,53876
507,7,1288863,Gold Line To Sunrise,1,23.0,53876
507,7,1288864,Gold Line To Sunrise,1,25.0,53876
507,7,1288865,Gold Line To Sunrise,1,27.0,53876
507,7,1288866,Gold Line To Sunrise,1,22.0,53876
507,7,1288867,Gold Line To Sunrise,1,27.0,53876
507,7,1288868,Gold Line To Sunrise,1,21.0,53876
507,7,1288869,Gold Line To Sunrise,1,23.0,53876
507,7,1288870,Gold Line To Sunrise,1,25.0,53876
507,7,1288871,Gold Line To Sunrise,1,27.0,53876
507,7,1288872,Gold Line To Sunrise,1,21.0,53876
507,7,1288873,Gold Line To Historic Folsom,1,23.0,53875
507,7,1288874,Gold Line To Historic Folsom,1,25.0,53875
507,7,1288875,Gold Line To Historic Folsom,1,27.0,53875
507,7,1288876,Gold Line To Historic Folsom,1,22.0,53875
507,7,1288877,Gold Line To Historic Folsom,1,24.0,53875
507,7,1288878,Gold Line To Historic Folsom,1,26.0,53875
507,7,1288879,Gold Line To Historic Folsom,1,21.0,53875
507,7,1288880,Gold Line To Historic Folsom,1,28.0,53875
507,7,1288881,Gold Line To Historic Folsom,1,23.0,53875
507,7,1288882,Gold Line To Historic Folsom,1,25.0,53875
507,7,1288883,Gold Line To Historic Folsom,1,27.0,53875
507,7,1288884,Gold Line To Historic Folsom,1,22.0,53875
507,7,1288885,Gold Line To Historic Folsom,1,24.0,53875
507,7,1288886,Gold Line To Historic Folsom,1,26.0,53875
507,7,1288887,Gold Line To Historic Folsom,1,21.0,53875
507,7,1288888,Gold Line To Historic Folsom,1,28.0,53875
507,7,1288889,Gold Line To Historic Folsom,1,23.0,53875
507,7,1288890,Gold Line To Historic Folsom,1,24.0,53875
507,7,1288891,Gold Line To Historic Folsom,1,26.0,53875
507,7,1288892,Gold Line To Historic Folsom,1,21.0,53875
507,7,1288893,Gold Line To Historic Folsom,1,28.0,53875
507,7,1288894,Gold Line To Historic Folsom,1,23.0,53875
507,7,1288895,Gold Line To Historic Folsom,1,24.0,53875
507,7,1288896,Gold Line To Historic Folsom,1,26.0,53875
507,7,1288897,Gold Line To Sunrise,1,21.0,53876
533,7,1289682,BLUE LINE TO CRC,0,2.0,53886
533,7,1289683,BLUE LINE TO CRC,0,10.0,53886
533,7,1289684,BLUE LINE TO CRC,0,5.0,53886
533,7,1289685,BLUE LINE TO CRC,0,4.0,53886
533,7,1289686,BLUE LINE TO CRC,0,3.0,53886
533,7,1289687,BLUE LINE TO CRC,0,2.0,53886
533,7,1289688,BLUE LINE TO CRC,0,1.0,53886
533,7,1289689,BLUE LINE TO CRC,0,5.0,53886
533,7,1289690,BLUE LINE TO CRC,0,4.0,53886
533,7,1289691,BLUE LINE TO CRC,0,3.0,53886
533,7,1289692,BLUE LINE TO CRC,0,2.0,53886
533,7,1289693,BLUE LINE TO CRC,0,1.0,53886
533,7,1289694,BLUE LINE TO CRC,0,5.0,53886
533,7,1289695,BLUE LINE TO CRC,0,4.0,53886
533,7,1289696,BLUE LINE TO CRC,0,3.0,53886
533,7,1289697,BLUE LINE TO CRC,0,7.0,53886
533,7,1289698,BLUE LINE TO CRC,0,6.0,53886
533,7,1289699,BLUE LINE TO CRC,0,1.0,53886
533,7,1289700,BLUE LINE TO CRC,0,5.0,53886
533,7,1289701,BLUE LINE TO CRC,0,8.0,53886
533,7,1289702,BLUE LINE TO CRC,0,7.0,53886
533,7,1289703,BLUE LINE TO CRC,0,6.0,53886
533,7,1289704,BLUE LINE TO CRC,0,1.0,53886
533,7,1289705,BLUE LINE TO CRC,0,5.0,53886
533,7,1289706,BLUE LINE TO CRC,0,4.0,53886
533,7,1289707,BLUE LINE TO CRC,0,3.0,53886
533,7,1289708,BLUE LINE TO CRC,0,2.0,53886
533,7,1289709,BLUE LINE TO CRC,0,10.0,53886
533,7,1289710,BLUE LINE TO CRC,0,5.0,53886
533,7,1289711,BLUE LINE TO CRC,0,4.0,53886
533,7,1289712,BLUE LINE TO CRC,0,3.0,53886
533,7,1289713,BLUE LINE TO CRC,0,2.0,53886
533,7,1289714,BLUE LINE TO CRC,0,1.0,53887
533,7,1289715,BLUE LINE TO CRC,0,6.0,53886
533,7,1289716,BLUE LINE TO CRC,0,7.0,53886
533,7,1289717,BLUE LINE TO CRC,0,8.0,53886
533,7,1289718,BLUE LINE TO CRC,0,9.0,53886
533,7,1289719,BLUE LINE TO CRC,0,1.0,53886
533,7,1289720,BLUE LINE TO CRC,0,6.0,53886
533,7,1289721,BLUE LINE TO CRC,0,7.0,53886
533,7,1289722,BLUE LINE TO CRC,0,8.0,53886
533,7,1289723,BLUE LINE TO CRC,0,9.0,53886
533,7,1289724,BLUE LINE TO CRC,0,1.0,53886
533,7,1289725,BLUE LINE TO CRC,0,6.0,53886
533,7,1289726,BLUE LINE TO CRC,0,7.0,53886
533,7,1289727,BLUE LINE TO CRC,0,8.0,53886
533,7,1289728,BLUE LINE TO CRC,0,9.0,53886
533,7,1289729,BLUE LINE TO WATT I-80,1,7.0,53888
533,7,1289730,BLUE LINE TO WATT I-80,1,1.0,53888
533,7,1289731,BLUE LINE TO WATT I-80,1,9.0,53888
533,7,1289732,BLUE LINE TO WATT I-80,1,8.0,53888
533,7,1289733,BLUE LINE TO WATT I-80,1,7.0,53888
533,7,1289734,BLUE LINE TO WATT I-80,1,6.0,53888
533,7,1289735,BLUE LINE TO WATT I-80,1,1.0,53888
533,7,1289736,BLUE LINE TO WATT I-80,1,5.0,53888
533,7,1289737,BLUE LINE TO WATT I-80,1,4.0,53888
533,7,1289738,BLUE LINE TO WATT I-80,1,3.0,53888
533,7,1289739,BLUE LINE TO WATT I-80,1,2.0,53888
533,7,1289740,BLUE LINE TO WATT I-80,1,1.0,53888
533,7,1289741,BLUE LINE TO WATT I-80,1,5.0,53888
533,7,1289742,BLUE LINE TO WATT I-80,1,4.0,53888
533,7,1289743,BLUE LINE TO WATT I-80,1,3.0,53888
533,7,1289744,BLUE LINE TO WATT I-80,1,2.0,53888
533,7,1289745,BLUE LINE TO WATT I-80,1,6.0,53888
533,7,1289746,BLUE LINE TO WATT I-80,1,1.0,53888
533,7,1289747,BLUE LINE TO WATT I-80,1,5.0,53888
533,7,1289748,BLUE LINE TO WATT I-80,1,8.0,53888
533,7,1289749,BLUE LINE TO WATT I-80,1,7.0,53888
533,7,1289750,BLUE LINE TO WATT I-80,1,6.0,53888
533,7,1289751,BLUE LINE TO WATT I-80,1,1.0,53888
533,7,1289752,BLUE LINE TO WATT I-80,1,9.0,53888
533,7,1289753,BLUE LINE TO WATT I-80,1,8.0,53888
533,7,1289754,BLUE LINE TO WATT I-80,1,7.0,53888
533,7,1289755,BLUE LINE TO WATT I-80,1,6.0,53888
533,7,1289756,BLUE LINE TO WATT I-80,1,1.0,53888
533,7,1289757,BLUE LINE TO WATT I-80,1,9.0,53888
533,7,1289758,BLUE LINE TO WATT I-80,1,8.0,53888
533,7,1289759,BLUE LINE TO WATT I-80,1,7.0,53888
533,7,1289760,BLUE LINE TO WATT I-80,1,6.0,53888
533,7,1289761,BLUE LINE TO WATT I-80,1,1.0,53888
533,7,1289762,BLUE LINE TO WATT I-80,1,10.0,53888
533,7,1289763,BLUE LINE TO WATT I-80,1,2.0,53888
533,7,1289764,BLUE LINE TO WATT I-80,1,3.0,53888
533,7,1289765,BLUE LINE TO WATT I-80,1,4.0,53888
533,7,1289766,BLUE LINE TO WATT I-80,1,5.0,53888
533,7,1289767,BLUE LINE TO WATT I-80,1,10.0,53888
533,7,1289768,BLUE LINE TO WATT I-80,1,2.0,53888
533,7,1289769,BLUE LINE TO WATT I-80,1,3.0,53888
533,7,1289770,BLUE LINE TO WATT I-80,1,4.0,53888
533,7,1289771,BLUE LINE TO WATT I-80,1,5.0,53888
533,7,1289772,BLUE LINE TO WATT I-80,1,10.0,53888
533,7,1289773,BLUE LINE TO WATT I-80,1,2.0,53888
533,7,1289774,BLUE LINE TO WATT I-80,1,3.0,53888
533,7,1289775,BLUE LINE TO WATT I-80,1,4.0,53888
533,7,1289776,BLUE LINE TO WATT I-80,1,5.0,53888
